{
	"pelvis": {
		"centers": [
			[-0.015326597727835178, -0.01546028908342123, -0.0031800956930965185],
			[0.014938249252736568, -0.015521373599767685, 0.00445906724780798],
			[0.003999159671366215, 0.014304573647677898, 0.00017875801131594926]
		],
		"radii": [0.05100451782345772, 0.05100030452013016, 0.0542367659509182]
	},
	"left_hip_yaw_link": {
		"centers": [
			[0.020505886524915695, 0.0003348937607370317, 0.00018763162370305508]
		],
		"radii": [0.014690679498016834]
	},
	"left_hip_pitch_link": {
		"centers": [
			[-0.0006697648786939681, -0.00044665078166872263, -0.2038147747516632]
		],
		"radii": [0.10568004846572876]
	},
	"left_hip_roll_link": {
		"centers": [
			[0.0017895606579259038, 0.059296876192092896, 0.006409256253391504],
			[-0.002819305518642068, 0.05962729826569557, -0.005762751214206219]
		],
		"radii": [0.021615464240312576, 0.021807987242937088]
	},
	"left_knee_link": {
		"centers": [
			[-0.0006993463612161577, -0.0005621097516268492, -0.20382964611053467]
		],
		"radii": [0.10566560178995132]
	},
	"left_ankle_pitch_link": {
		"centers": [
			[0.0013020311016589403, -0.00022063775395508856, -0.010289839468896389]
		],
		"radii": [0.03002079762518406]
	},
	"left_ankle_roll_link": {
		"centers": [
			[0.04284921661019325, -0.0005800934159196913, -0.02849605493247509]
		],
		"radii": [0.1331760436296463]
	},
	"right_hip_yaw_link": {
		"centers": [
			[0.020498093217611313, 0.00032318528974428773, 0.0001979621301870793]
		],
		"radii": [0.014702371321618557]
	},
	"right_hip_pitch_link": {
		"centers": [
			[-0.0006534300046041608, -0.0005870142485946417, -0.20384331047534943]
		],
		"radii": [0.10565141588449478]
	},
	"right_hip_roll_link": {
		"centers": [
			[0.0018086332129314542, -0.06038188934326172, 0.006424924824386835],
			[-0.0028161790687590837, -0.06033255532383919, -0.005757072474807501]
		],
		"radii": [0.02162843942642212, 0.021811338141560555]
	},
	"right_knee_link": {
		"centers": [
			[-0.0006731047760695219, -0.000536479870788753, -0.20383824408054352]
		],
		"radii": [0.10565663129091263]
	},
	"right_ankle_pitch_link": {
		"centers": [
			[0.0013465039664879441, -3.6912791983922943e-5, -0.010210447944700718]
		],
		"radii": [0.02996695414185524]
	},
	"right_ankle_roll_link": {
		"centers": [
			[0.04283000901341438, -0.0002098352852044627, -0.028556151315569878]
		],
		"radii": [0.1331522911787033]
	},
	"torso_link": {
		"centers": [
			[-0.0006786673911847174, -0.037916168570518494, 0.15118829905986786],
			[-0.0017564152367413044, 0.04433850571513176, 0.15127171576023102]
		],
		"radii": [0.07597258687019348, 0.07330912351608276]
	},
	"left_shoulder_pitch_link": {
		"centers": [
			[-0.005641451571136713, 0.05035596713423729, -0.0021855314262211323]
		],
		"radii": [0.06304867565631866]
	},
	"left_shoulder_roll_link": {
		"centers": [
			[-0.02589593082666397, -0.0005282104830257595, -0.05597442761063576]
		],
		"radii": [0.10156001895666122]
	},
	"left_shoulder_yaw_link": {
		"centers": [
			[-0.0013652101624757051, -0.00411256356164813, -0.11385758966207504]
		],
		"radii": [0.12297476828098297]
	},
	"left_elbow_pitch_link": {
		"centers": [
			[0.042212363332509995, -0.023942362517118454, -0.008661880157887936]
		],
		"radii": [0.08806464821100235]
	},
	"left_elbow_roll_link": {
		"centers": [
			[0.049927208572626114, 0.0007053795852698386, -0.00036136709968559444]
		],
		"radii": [0.05999273806810379]
	},
	"left_wrist_pitch_link": {
		"centers": [
			[0.018119515851140022, 0.0017614072421565652, 0.0029472578316926956]
		],
		"radii": [0.04268840700387955]
	},
	"right_shoulder_pitch_link": {
		"centers": [
			[-0.008520830422639847, -0.05339235067367554, -0.003867122810333967]
		],
		"radii": [0.06618425250053406]
	},
	"right_shoulder_roll_link": {
		"centers": [
			[-0.00937843881547451, 0.002551099518314004, -0.06201711669564247]
		],
		"radii": [0.10556843131780624]
	},
	"right_shoulder_yaw_link": {
		"centers": [
			[-0.0016541603254154325, 0.006922577042132616, -0.11346442997455597]
		],
		"radii": [0.12333610653877258]
	},
	"right_elbow_pitch_link": {
		"centers": [
			[0.04576261714100838, 0.013025029562413692, -0.008274934254586697]
		],
		"radii": [0.09005110710859299]
	},
	"right_elbow_roll_link": {
		"centers": [
			[0.050099004060029984, -0.0005151638761162758, 0.0004937115591019392]
		],
		"radii": [0.06017666682600975]
	},
	"right_wrist_pitch_link": {
		"centers": [
			[0.01855352520942688, 0.0010526118567213416, 0.0023809161502867937]
		],
		"radii": [0.04270585626363754]
	},
	"L_hand_base_link": {
		"centers": [
			[0.026619788259267807, -0.06704027205705643, -0.01184554398059845]
		],
		"radii": [0.08405464887619019]
	},
	"L_thumb_proximal_base": {
		"centers": [
			[-0.0008577374392189085, -0.0012478376738727093, -0.008455924689769745],
			[0.008665256202220917, 0.0011762530775740743, -0.00946964044123888],
			[0.008126750588417053, 0.001148681971244514, -0.0012183570070192218]
		],
		"radii": [0.00969491247087717, 0.007475124206393957, 0.00669307354837656]
	},
	"L_thumb_proximal": {
		"centers": [
			[0.0336652472615242, -0.002604413777589798, -0.0076484340243041515]
		],
		"radii": [0.037340905517339706]
	},
	"L_thumb_intermediate": {
		"centers": [
			[0.0063900575041770935, 0.000990474596619606, -0.006887933239340782]
		],
		"radii": [0.022393880411982536]
	},
	"L_thumb_distal": {
		"centers": [
			[0.009908439591526985, -0.0019987148698419333, -0.007085132412612438]
		],
		"radii": [0.015728434547781944]
	},
	"L_index_proximal": {
		"centers": [
			[0.002675175666809082, -0.012398898601531982, 0.009367297403514385]
		],
		"radii": [0.030263511463999748]
	},
	"L_index_intermediate": {
		"centers": [
			[0.011330222710967064, -0.019497549161314964, 0.006854775361716747]
		],
		"radii": [0.03091246634721756]
	},
	"L_middle_proximal": {
		"centers": [
			[-0.0008357464685104787, -0.012787329033017159, -0.005309178959578276]
		],
		"radii": [0.02262387052178383]
	},
	"L_middle_intermediate": {
		"centers": [
			[-0.006530992221087217, -0.019802559167146683, -0.004567525815218687]
		],
		"radii": [0.02864314429461956]
	},
	"L_ring_proximal": {
		"centers": [
			[0.0028948476538062096, -0.012940596789121628, -0.006709908600896597]
		],
		"radii": [0.022789109498262405]
	},
	"L_ring_intermediate": {
		"centers": [
			[0.012785734608769417, -0.01974133774638176, -0.007020102348178625]
		],
		"radii": [0.02845073863863945]
	},
	"L_pinky_proximal": {
		"centers": [
			[-0.002248386386781931, -0.012482023797929287, -0.020672259852290154]
		],
		"radii": [0.029739070683717728]
	},
	"L_pinky_intermediate": {
		"centers": [
			[-0.00294043542817235, -0.014371193945407867, -0.019775710999965668]
		],
		"radii": [0.028055548667907715]
	},
	"R_hand_base_link": {
		"centers": [
			[0.027643833309412003, -0.06759332865476608, 0.01089545525610447]
		],
		"radii": [0.0847754180431366]
	},
	"R_thumb_proximal_base": {
		"centers": [
			[-0.007959156297147274, 0.001855681766755879, -0.006316266488283873],
			[0.00033506075851619244, -0.0012096023419871926, -0.011864962987601757],
			[0.0005755378515459597, -0.0013381122844293714, -0.004069123882800341]
		],
		"radii": [0.010103835724294186, 0.008208041079342365, 0.007976517081260681]
	},
	"R_thumb_proximal": {
		"centers": [
			[0.03341522067785263, 0.003060542978346348, -0.007810315117239952]
		],
		"radii": [0.036923594772815704]
	},
	"R_thumb_intermediate": {
		"centers": [
			[0.006470195017755032, -0.0010291376383975148, -0.007598378695547581]
		],
		"radii": [0.0223548486828804]
	},
	"R_thumb_distal": {
		"centers": [
			[0.008927937597036362, 0.0037004095502197742, -0.006847808603197336]
		],
		"radii": [0.015488332137465477]
	},
	"R_index_proximal": {
		"centers": [
			[-0.002418358577415347, 0.012241987511515617, 0.009266856126487255]
		],
		"radii": [0.03001946210861206]
	},