{
	"base_link": {
		"centers": [
			[0.046187132596969604, -0.09710152447223663, 0.003406279254704714],
			[0.14998087286949158, -0.1036510020494461, -0.0005048461607657373]
		],
		"radii": [0.11042284220457077, 0.11248716711997986]
	},
	"waist_link": {
		"centers": [
			[0.001983921742066741, -0.001741481595672667, 0.06448531895875931]
		],
		"radii": [0.0745287537574768]
	},
	"torso_link": {
		"centers": [
			[-0.4253913164138794, 0.0048562451265752316, -0.039869558066129684],
			[-0.324811190366745, 0.0011722550261765718, -0.03485657274723053],
			[-0.17966213822364807, -0.0014037607470527291, -0.03715536370873451],
			[-0.043733205646276474, -0.0013278680853545666, -0.03288089483976364]
		],
		"radii": [
			0.10573844611644745, 0.0861252024769783, 0.08204341679811478,
			0.08194924890995026
		]
	},
	"left_arm_l1": {
		"centers": [
			[0.0009922970784828067, 0.0034031036775559187, -0.049075037240982056]
		],
		"radii": [0.06554652750492096]
	},
	"right_arm_l1": {
		"centers": [
			[-0.001325549092143774, 0.0022462757769972086, -0.04702623188495636]
		],
		"radii": [0.06686513870954514]
	},
	"left_arm_l2": {
		"centers": [
			[-0.05314501374959946, -0.0009224856621585786, -0.018002746626734734],
			[-0.009971588850021362, -0.0008348622359335423, 0.002447719220072031]
		],
		"radii": [0.03665381297469139, 0.035517845302820206]
	},
	"right_arm_l2": {
		"centers": [
			[0.007286433130502701, -0.0004572024045046419, 0.0032094637863337994],
			[0.05129434913396835, 0.0008833149913698435, -0.0180791188031435]
		],
		"radii": [0.033160679042339325, 0.037481795996427536]
	},
	"left_arm_l3": {
		"centers": [
			[0.001251287292689085, -0.003380700945854187, 0.052523769438266754],
			[-0.0007756926934234798, -0.006575901061296463, 0.1425488144159317]
		],
		"radii": [0.06418558955192566, 0.05453241243958473]
	},
	"right_arm_l3": {
		"centers": [
			[0.0003643387753982097, 0.008542578667402267, -0.142557293176651],
			[-0.00022227792942430824, 0.005464854184538126, -0.0515204481780529]
		],
		"radii": [0.05484752357006073, 0.06393108516931534]
	},
	"left_arm_l4": {
		"centers": [
			[0.00267241895198822, 0.03398378565907478, -0.0317210890352726]
		],
		"radii": [0.07412271201610565]
	},
	"right_arm_l4": {
		"centers": [
			[0.0023344289511442184, -0.0353415422141552, 0.03205544874072075]
		],
		"radii": [0.07520698755979538]
	},
	"left_arm_l5": {
		"centers": [
			[0.011208555661141872, -0.0007882848149165511, -0.07216668874025345],
			[0.00037479723687283695, -0.0041891587898135185, -0.03644765540957451]
		],
		"radii": [0.06788134574890137, 0.045265451073646545]
	},
	"right_arm_l5": {
		"centers": [
			[-0.010872801765799522, -0.0002303993096575141, -0.07161875814199448],
			[-0.004225911106914282, -0.0009732259204611182, -0.034336015582084656]
		],
		"radii": [0.06793130189180374, 0.042892538011074066]
	},
	"left_arm_l6": {
		"centers": [
			[-0.000808387529104948, -0.0023490122985094786, -0.037657707929611206]
		],
		"radii": [0.04528776928782463]
	},
	"right_arm_l6": {
		"centers": [
			[-0.0009702553506940603, 0.00019037211313843727, 0.03403862565755844]
		],
		"radii": [0.04432159289717674]
	},
	"left_arm_l7": {
		"centers": [
			[-0.01301946397870779, 0.09321397542953491, -0.004669894929975271],
			[-0.0010341720189899206, 0.16452859342098236, 0.02001434937119484]
		],
		"radii": [0.11073528975248337, 0.10237317532300949]
	},
	"right_arm_l7": {
		"centers": [
			[0.013198266737163067, 0.09461669623851776, -0.005438075866550207],
			[7.718494453001767e-5, 0.1703842282295227, 0.019733821973204613]
		],
		"radii": [0.11266855895519257, 0.09875012189149857]
	}
}
